INSERT INTO Paises (nombre) VALUES 
('Reino Unido'),
('Italia'),
('Alemania'),
('Francia'),
('España'),
('Japón'),
('Brasil'),
('Australia'),
('Canadá'),
('Mónaco'),
('Argentina'),
('México'),
('Países Bajos'),
('Rusia'),
('China');

INSERT INTO Ciudades (idPais, nombre) VALUES 
(1, 'Londres'),
(2, 'Roma'),
(3, 'Berlín'),
(4, 'París'),
(5, 'Madrid'),
(6, 'Tokio'),
(7, 'Río de Janeiro'),
(8, 'Sídney'),
(9, 'Toronto'),
(10, 'Montecarlo'),
(11, 'Buenos Aires'),
(12, 'Ciudad de México'),
(13, 'Ámsterdam'),
(14, 'Moscú'),
(15, 'Pekín');

INSERT INTO TipoCircuitos (nombre, longitudMinima, longitudMaxima) VALUES 
('Urbano', '3000', '5000'),
('Permanente', '4000', '7000'),
('Mixto', '3500', '6000');

INSERT INTO Circuitos (Nombre, idCiudad, longitud, fechaInauguracion, idTipoCircuito, capacidad) VALUES 
('Silverstone', 1, 5891, '1950-05-13', 3, 150000),
('Monza', 2, 5793, '1922-09-03', 3, 120000),
('Hockenheimring', 3, 4574, '1932-05-29', 2, 110000),
('Circuit de Monaco', 10, 3337, '1929-04-14', 1, 37000),
('Suzuka', 6, 5807, '1962-09-01', 3, 155000),
('Interlagos', 7, 4309, '1940-05-12', 2, 80000),
('Albert Park', 8, 5303, '1996-03-10', 3, 100000),
('Circuit Gilles Villeneuve', 9, 4361, '1978-10-08', 3, 100000),
('Autódromo Hermanos Rodríguez', 12, 4304, '1962-11-04', 2, 110000),
('Shanghai International Circuit', 15, 5451, '2004-06-06', 3, 200000);

INSERT INTO TipoEventos (nombre) VALUES 
('Gran Premio'),
('Bénefico'),
('Calificación');

INSERT INTO Eventos (nombre, fechaInicio, fechaFinal, horaInicio, horaFin, idTipoEvento, idCircuito) VALUES 
('Gran Premio de Gran Bretaña', '2024-07-14', '2024-07-14', '14:00:00', '16:00:00', 1, 1),
('Gran Premio de Italia', '2024-09-08', '2024-09-08', '14:00:00', '16:00:00', 1, 2),
('Gran Premio de Alemania', '2024-07-28', '2024-07-28', '14:00:00', '16:00:00', 1, 3),
('Gran Premio de Mónaco', '2024-05-26', '2024-05-26', '14:00:00', '16:00:00', 1, 4),
('Gran Premio de Japón', '2024-10-13', '2024-10-13', '14:00:00', '16:00:00', 1, 5),
('Gran Premio de Brasil', '2024-11-10', '2024-11-10', '14:00:00', '16:00:00', 1, 6),
('Gran Premio de Australia', '2024-03-17', '2024-03-17', '14:00:00', '16:00:00', 1, 7),
('Gran Premio de Canadá', '2024-06-09', '2024-06-09', '14:00:00', '16:00:00', 1, 8),
('Gran Premio de México', '2024-11-03', '2024-11-03', '14:00:00', '16:00:00', 1, 9),
('Gran Premio de China', '2024-04-14', '2024-04-14', '14:00:00', '16:00:00', 1, 10);

INSERT INTO TipoPersona (nombre) VALUES 
('Piloto'),
('Aficionado');

-- agg mas personas de otros tipos
INSERT INTO Personas (nombre, paisNacimiento, fechaNacimiento, idTipoPersona) VALUES 
('Lewis Hamilton', 1, '1985-01-07', 1),
('Sebastian Vettel', 3, '1987-07-03', 1),
('Fernando Alonso', 5, '1981-07-29', 1),
('Max Verstappen', 13, '1997-09-30', 1),
('Daniel Ricciardo', 8, '1989-07-01', 1),
('Valtteri Bottas', 4, '1989-08-28', 1),
('Charles Leclerc', 10, '1997-10-16', 1),
('Carlos Sainz', 5, '1994-09-01', 1),
('Sergio Pérez', 12, '1990-01-26', 1),
('Lando Norris', 1, '1999-11-13', 1),
('Kimi Räikkönen', 14, '1979-10-17', 1),
('Nico Rosberg', 3, '1985-06-27', 1),
('Felipe Massa', 7, '1981-04-25', 1),
('Jenson Button', 1, '1980-01-19', 1),
('George Russell', 1, '1998-02-15', 1),
('Esteban Ocon', 4, '1996-09-17', 1),
('Pierre Gasly', 4, '1996-02-07', 1),
('Lance Stroll', 9, '1998-10-29', 1),
('Mick Schumacher', 3, '1999-03-22', 1),
('Nicholas Latifi', 9, '1995-06-29', 1),
('Yuki Tsunoda', 6, '2000-05-11', 1),
('Kevin Magnussen', 3, '1992-10-05', 1),
('Romain Grosjean', 4, '1986-04-17', 1),
('Robert Kubica', 14, '1984-12-07', 1),
('Antonio Giovinazzi', 2, '1993-12-14', 1),
('Alexander Albon', 15, '1996-03-23', 1),
('Nyck de Vries', 13, '1995-02-06', 1),
('Guanyu Zhou', 15, '1999-05-30', 1),
('Nikita Mazepin', 14, '1999-03-02', 1),
('Michael Jacson', 1, '1990-06-15', 2),
('Pablo Escobar', 2, '1988-07-20', 2),
('Lewis Maestre', 3, '1985-08-25', 2),
('Daylin de los Rios', 4, '1992-03-10', 2),
('Armando Rojas', 5, '1993-05-15', 2),
('Juan Pérez', 1, '1985-06-15', 2),
('María López', 2, '1990-09-23', 2),
('Carlos Gómez', 3, '1988-02-14', 2),
('Laura Sánchez', 4, '1992-12-01', 2),
('Pedro Fernández', 5, '1995-04-10', 2),
('Ana García', 6, '1991-11-25', 2),
('Luis Rodríguez', 7, '1987-07-30', 2),
('Marta Martínez', 8, '1989-03-12', 2),
('José González', 9, '1993-05-06', 2),
('Elena Jiménez', 10, '1994-08-19', 2);

INSERT INTO Pilotos (idPiloto) VALUES 
(1),
(2),
(3),
(4),
(5),
(6),
(7),
(8),
(9),
(10),
(11),
(12),
(13),
(14),
(15),
(16),
(17),
(18),
(19),
(20),
(21),
(22),
(23),
(24),
(25),
(26),
(27),
(28),
(29);


INSERT INTO Aficionados (idAficionado, genero) VALUES 
(30, 'Masculino'),
(31, 'Masculino'),
(32, 'Masculino'),
(33, 'Femenino'),
(34, 'Masculino'),
(35, 'Masculino'),
(36, 'Femenino'),
(37, 'Masculino'),
(38, 'Femenino'),
(39, 'Masculino'),
(40, 'Femenino'),
(41, 'Masculino'),
(42, 'Femenino'),
(43, 'Masculino'),
(44, 'Femenino');

INSERT INTO Equipos (nombre, fechaDeFundacion, CiudadDeOperaciones) VALUES 
('Mercedes', '1954-01-01', 1),
('Ferrari', '1929-11-16', 2),
('Red Bull Racing', '2005-01-01', 3),
('McLaren', '1963-09-02', 4),
('Alpine', '2021-01-01', 5),
('Aston Martin', '2021-01-01', 6),
('AlphaTauri', '2020-01-01', 7),
('Williams', '1977-01-01', 8),
('Alfa Romeo', '2019-01-01', 9),
('Haas', '2016-01-01', 10);

INSERT INTO PilotosPorEquipo (idPiloto, idEquipo, fechaVinculacion, fechaDesvinculacion, temporada) VALUES 
(1, 1, '2013-01-01', NULL, 2013),
(2, 2, '2015-01-01', NULL, 2015),
(3, 5, '2021-01-01', NULL, 2021),
(4, 3, '2016-01-01', NULL, 2016),
(5, 4, '2019-01-01', NULL, 2019),
(6, 6, '2021-01-01', NULL, 2021),
(7, 2, '2018-01-01', NULL, 2018),
(8, 2, '2022-01-01', NULL, 2022), 
(9, 3, '2020-01-01', NULL, 2020),
(10, 4, '2019-01-01', NULL, 2019),
(11, 1, '2014-01-01', NULL, 2014), 
(12, 2, '2015-01-01', NULL, 2015), 
(13, 5, '2021-01-01', NULL, 2022), 
(14, 3, '2017-01-01', NULL, 2017), 
(15, 4, '2020-01-01', NULL, 2020), 
(16, 6, '2022-01-01', NULL, 2022), 
(17, 2, '2018-01-01', NULL, 2018),
(18, 2, '2023-01-01', NULL, 2023), 
(19, 3, '2021-01-01', NULL, 2021), 
(20, 4, '2022-01-01', NULL, 2022), 
(21, 1, '2015-01-01', NULL, 2015), 
(22, 2, '2016-01-01', NULL, 2016), 
(23, 5, '2022-01-01', NULL, 2022), 
(24, 3, '2018-01-01', NULL, 2018), 
(25, 4, '2023-01-01', NULL, 2023), 
(26, 6, '2023-01-01', NULL, 2023), 
(27, 2, '2019-01-01', NULL, 2019), 
(28, 2, '2024-01-01', NULL, 2024), 
(29, 3, '2021-01-01', NULL, 2021); 



INSERT INTO TipoActividades (nombre) VALUES 
('Entrenamiento'),
('Calificación'),
('Carrera');

INSERT INTO CondicionesClimaticas (nombre) VALUES
('Soleado'),
('Nublado'),
('Lluvioso'),
('Tormenta');

INSERT INTO RegistrosClimaticos (fecha, temperatura, idCondicion) VALUES
('2024-01-01', 25, 1),  -- Soleado
('2024-01-02', 18, 2),  -- Nublado
('2024-01-03', 20, 1),  -- Soleado
('2024-01-04', 15, 3),  -- Lluvioso
('2024-01-05', 22, 1),  -- Soleado
('2024-01-06', 17, 2),  -- Nublado
('2024-01-07', 14, 3),  -- Lluvioso
('2024-01-08', 10, 4),  -- Tormenta
('2024-01-10', 19, 2);  -- Nublado


INSERT INTO Actividades (idEvento, nombre, horaInicio, fecha, idTipoActividad, idRegistroClimatico) VALUES 
(1, 'Práctica 1', '10:00:00', '2024-07-12', 1, 1),
(1, 'Práctica 2', '14:00:00', '2024-07-12', 1, 1),
(1, 'Práctica 3', '11:00:00', '2024-07-13', 1, 1),
(1, 'Calificación', '14:00:00', '2024-07-13', 2, 2),
(1, 'Carrera', '14:00:00', '2024-07-14', 3, 1),
(2, 'Práctica 1', '10:00:00', '2024-09-06', 1, 1),
(2, 'Práctica 2', '14:00:00', '2024-09-06', 1, 1),
(2, 'Práctica 3', '11:00:00', '2024-09-07', 1, 1),
(2, 'Calificación', '14:00:00', '2024-09-07', 2, 2),
(2, 'Carrera', '14:00:00', '2024-09-08', 3, 1),
(3, 'Práctica 1', '10:00:00', '2024-01-12', 1, 1),
(3, 'Práctica 2', '14:00:00', '2024-01-12', 1, 1),
(3, 'Práctica 3', '11:00:00', '2024-01-13', 1, 1),
(3, 'Calificación', '14:00:00', '2024-01-13', 2, 2),
(3, 'Carrera', '14:00:00', '2024-01-14', 3, 1),
(4, 'Práctica 1', '10:00:00', '2024-02-06', 1, 1),
(4, 'Práctica 2', '14:00:00', '2024-02-06', 1, 1),
(4, 'Práctica 3', '11:00:00', '2024-02-07', 1, 1),
(4, 'Calificación', '14:00:00', '2024-02-07', 2, 2),
(4, 'Carrera', '14:00:00', '2024-02-08', 3, 1),
(5, 'Práctica 1', '10:00:00', '2024-03-12', 1, 1),
(5, 'Práctica 2', '14:00:00', '2024-03-12', 1, 1),
(5, 'Práctica 3', '11:00:00', '2024-03-13', 1, 1),
(5, 'Calificación', '14:00:00', '2024-03-13', 2, 2),
(5, 'Carrera', '14:00:00', '2024-03-14', 3, 1),
(6, 'Práctica 1', '10:00:00', '2024-04-06', 1, 1),
(6, 'Práctica 2', '14:00:00', '2024-04-06', 1, 1),
(6, 'Práctica 3', '11:00:00', '2024-04-07', 1, 1),
(6, 'Calificación', '14:00:00', '2024-04-07', 2, 2),
(6, 'Carrera', '14:00:00', '2024-04-08', 3, 1),
(7, 'Práctica 1', '10:00:00', '2024-05-12', 1, 1),
(7, 'Práctica 2', '14:00:00', '2024-05-12', 1, 1),
(7, 'Práctica 3', '11:00:00', '2024-05-13', 1, 1),
(7, 'Calificación', '14:00:00', '2024-05-13', 2, 2),
(7, 'Carrera', '14:00:00', '2024-05-14', 3, 1),
(8, 'Práctica 1', '10:00:00', '2024-06-06', 1, 1),
(8, 'Práctica 2', '14:00:00', '2024-06-06', 1, 1),
(8, 'Práctica 3', '11:00:00', '2024-06-07', 1, 1),
(8, 'Calificación', '14:00:00', '2024-06-07', 2, 2),
(8, 'Carrera', '14:00:00', '2024-06-08', 3, 1);

INSERT INTO Calificaciones (idCalificacion) VALUES 
(1),
(2),
(3),
(4),
(5),
(6),
(7),
(8),
(9),
(10);

INSERT INTO Entrenamientos (idEntrenamiento, duracion, numeroSesion) VALUES 
(1, '01:30:00', 'FP1'),
(2, '01:30:00', 'FP2'),
(3, '01:30:00', 'FP3'),
(4, '01:30:00', 'FP4'),
(5, '01:30:00', 'FP5'),
(6, '01:30:00', 'FP6'),
(7, '01:30:00', 'FP7'),
(8, '01:30:00', 'FP8'),
(9, '01:30:00', 'FP9'),
(10, '01:30:00', 'FP10');

INSERT INTO Carreras (idCarrera, numeroDeVueltas) VALUES 
(1, 52),
(2, 53),
(3, 70),
(4, 60),
(5, 48),
(6, 48),
(7, 48),
(8, 70),
(9, 52),
(10, 53);

INSERT INTO ResultadosCarrera (idCarrera, idPiloto, idEquipo, posicionFinal, tiempoVueltaRapida, vueltasCompletadas) VALUES 
(1, 1, 1, 1, '01:27.456', 52),
(2, 2, 2, 2, '01:27.789', 52),
(3, 3, 3, 3, '01:28.123', 52),
(4, 4, 4, 4, '01:28.456', 52),
(5, 5, 5, 5, '01:28.789', 52),
(6, 6, 6, 6, '01:29.123', 52),
(7, 7, 7, 7, '01:29.456', 52),
(8, 8, 8, 8, '01:29.789', 52),
(9, 9, 9, 9, '01:30.123', 52),
(10, 10, 10, 10, '01:30.456', 52),
(2, 11, 1, 1, '01:30.789', 52),
(3, 12, 2, 2, '01:31.123', 52),
(4, 13, 3, 3, '01:31.456', 52),
(5, 14, 4, 4, '01:31.789', 52),
(6, 15, 5, 5, '01:32.123', 52),
(7, 16, 6, 6, '01:32.456', 52),
(8, 17, 7, 7, '01:32.789', 52),
(9, 18, 8, 8, '01:33.123', 52),
(10, 19, 9, 9, '01:33.456', 52),
(1, 20, 10, 10, '01:33.789', 52),
(2, 1, 1, 1, '01:26.456', 53),
(3, 2, 2, 2, '01:26.789', 53),
(4, 3, 3, 3, '01:27.123', 53),
(5, 4, 4, 4, '01:27.456', 53),
(6, 5, 5, 5, '01:27.789', 53),
(7, 6, 6, 6, '01:28.123', 53),
(8, 7, 7, 7, '01:28.456', 53),
(9, 8, 8, 8, '01:28.789', 53),
(10, 9, 9, 9, '01:29.123', 53),
(1, 10, 10, 10, '01:29.456', 53);

INSERT INTO ResultadosCalificacion (idCalificacion, idPiloto, idEquipo, tiempoQ1, tiempoQ2, tiempoQ3) VALUES 
(4, 1, 1, 90, 88, 87),
(3, 2, 2, 91, 89, 88),
(2, 3, 3, 92, 90, 89),
(5, 4, 4, 93, 91, 90),
(6, 5, 5, 94, 92, 91),
(7, 6, 6, 95, 93, 92),
(8, 7, 7, 96, 94, 93),
(3, 8, 8, 97, 95, 94),
(6, 9, 9, 98, 96, 95),
(2, 10, 10, 99, 97, 96),
(1, 11, 1, 100, 98, 97),
(3, 12, 2, 101, 99, 98),
(10, 13, 3, 102, 100, 99),
(5, 14, 4, 103, 101, 100),
(8, 15, 5, 104, 102, 101),
(6, 16, 6, 105, 103, 102),
(10, 17, 7, 106, 104, 103),
(1, 18, 8, 107, 105, 104),
(2, 19, 9, 108, 106, 105),
(3, 20, 10, 109, 107, 106),
(4, 2, 1, 89, 87, 86),
(1, 2, 2, 90, 88, 87),
(3, 3, 3, 91, 89, 88),
(5, 6, 4, 92, 90, 89),
(7, 5, 5, 93, 91, 90),
(2, 6, 6, 94, 92, 91),
(4, 7, 7, 95, 93, 92),
(6, 8, 8, 96, 94, 93),
(8, 9, 9, 97, 95, 94),
(9, 10, 10, 98, 96, 95);

INSERT INTO ResultadosEntrenamiento (idEntrenamiento, idPiloto, idEquipo, vueltasRealizadas, incidente, comentarios) VALUES 
(1, 1, 1, 25, false, 'Buen rendimiento'),
(3, 2, 2, 26, false, 'Consistente'),
(5, 3, 3, 27, false, 'Sin problemas'),
(7, 4, 4, 28, false, 'Optimizado'),
(9, 5, 5, 29, false, 'Mejorando'),
(2, 6, 6, 30, false, 'Excelente'),
(4, 7, 7, 31, false, 'Estable'),
(6, 8, 8, 32, false, 'Competitivo'),
(8, 9, 9, 33, false, 'Firme'),
(10, 10, 10, 34, false, 'Fuerte'),
(9, 11, 1, 35, false, 'Buen rendimiento'),
(7, 12, 2, 36, false, 'Consistente'),
(5, 13, 3, 37, false, 'Sin problemas'),
(3, 14, 4, 38, true, 'Poco rendimiento'),
(1, 15, 5, 39, false, 'Mejorando'),
(2, 16, 6, 40, false, 'Excelente'),
(4, 17, 7, 41, true, 'Estable'),
(6, 18, 8, 42, false, 'Competitivo'),
(8, 19, 9, 43, false, 'Firme'),
(10, 20, 10, 44, true, 'Fuerte'),
(9, 1, 1, 26, false, 'Buen ritmo'),
(7, 2, 2, 27, true, 'Consistente'),
(5, 4, 3, 28, false, 'Sin problemas'),
(3, 4, 4, 29, true, 'Optimizado'),
(1, 5, 5, 30, false, 'Mejorando'),
(10, 6, 6, 31, false, 'Excelente'),
(8, 7, 7, 32, true, 'Estable'),
(6, 7, 8, 33, false, 'Competitivo'),
(4, 9, 9, 34, true, 'Firme'),
(2, 10, 10, 35, false, 'Fuerte');

INSERT INTO BanderasIncidentes (nombre, colorPrincipal, colorSecundario, significado) VALUES 
('Bandera amarilla', 'Amarillo', NULL, 'Peligro, reducción de velocidad'),
('Bandera roja', 'Rojo', NULL, 'Carrera detenida'),
('Bandera verde', 'Verde', NULL, 'Pista libre'),
('Bandera azul', 'Azul', NULL, 'Ceder el paso a un coche más rápido'),
('Bandera blanca', 'Blanco', NULL, 'Vehículo lento en pista');

INSERT INTO IncidentesCarreras (idBandera, idCarrera, idPiloto, vueltaIncidente) VALUES 
(1, 1, 1, 5),
(2, 1, 2, 10),
(3, 1, 3, 15),
(4, 1, 4, 20),
(5, 1, 5, 25),
(1, 1, 6, 30),
(2, 1, 7, 35),
(3, 1, 8, 40),
(4, 1, 9, 45),
(5, 1, 10, 50),
(1, 2, 1, 6),
(2, 2, 2, 12),
(3, 2, 3, 18),
(4, 2, 4, 24),
(5, 2, 5, 30),
(1, 2, 6, 36),
(2, 2, 7, 42),
(3, 2, 8, 48),
(4, 2, 9, 54),
(5, 2, 10, 60),
(1, 3, 1, 6),
(2, 3, 2, 12),
(3, 3, 3, 18),
(4, 3, 4, 24),
(5, 3, 5, 30),
(1, 4, 6, 36),
(2, 4, 7, 42),
(3, 4, 8, 48),
(4, 4, 9, 54),
(5, 4, 10, 60),
(1, 5, 1, 6),
(2, 5, 2, 12),
(3, 5, 3, 18),
(4, 5, 4, 24),
(5, 5, 5, 30),
(1, 6, 6, 36),
(2, 6, 7, 42),
(3, 6, 8, 48),
(4, 6, 9, 54),
(5, 6, 10, 60),
(1, 7, 1, 6),
(2, 7, 2, 12),
(3, 7, 3, 18),
(4, 7, 4, 24),
(5, 7, 5, 30),
(1, 8, 6, 36),
(2, 8, 7, 42),
(3, 8, 8, 48),
(4, 8, 9, 54),
(5, 8, 10, 60),
(1, 9, 1, 6),
(2, 9, 2, 12),
(3, 9, 3, 18),
(4, 9, 4, 24),
(5, 9, 5, 30),
(1, 10, 6, 36),
(2, 10, 7, 42),
(3, 10, 8, 48),
(4, 10, 9, 54),
(5, 10, 10, 60);

INSERT INTO TipoBoleta (nombre, descripcion) VALUES 
('General', 'Acceso general al evento'),
('VIP', 'Acceso a zonas exclusivas y servicios adicionales'),
('Tribuna', 'Asiento reservado en tribuna'),
('Paddock', 'Acceso al paddock y boxes');

INSERT INTO AficionadoEvento (idActividad, idAficionado, idTipoBoleta, numeroEntrada, precioEntrada) VALUES 
(1, 32, 1, 1001, 150.00),
(2, 33, 2, 1002, 500.00),
(3, 34, 3, 1003, 300.00),
(4, 35, 4, 1004, 1000.00),
(5, 36, 1, 1005, 150.00),
(6, 37, 2, 1006, 500.00),
(7, 38, 3, 1007, 300.00),
(8, 39, 4, 1008, 1000.00),
(9, 30, 1, 1009, 150.00),
(10, 41, 2, 1010, 500.00),
(1, 42, 1, 1011, 150.00),
(2, 43, 2, 1012, 500.00),
(3, 44, 3, 1013, 300.00),
(4, 39, 4, 1014, 1000.00),
(5, 30, 1, 1015, 150.00),
(6, 36, 2, 1016, 500.00),
(7, 37, 3, 1017, 300.00),
(8, 38, 4, 1018, 1000.00),
(9, 39, 1, 1019, 150.00),
(10, 40, 2, 1020, 500.00),
(1, 41, 1, 1021, 160.00),
(2, 42, 2, 1022, 510.00),
(3, 43, 3, 1023, 310.00),
(4, 44, 4, 1024, 1010.00),
(5, 35, 1, 1025, 160.00),
(6, 31, 2, 1026, 510.00),
(7, 32, 3, 1027, 310.00),
(8, 33, 4, 1028, 1010.00),
(9, 34, 1, 1029, 160.00),
(10, 35, 2, 1030, 510.00);

INSERT INTO TipoNeumatico (color, nombre, caracteristicas, temperaturaFuncionamientoOptimo) VALUES 
('Rojo', 'Blando', 'Máximo agarre y rendimiento, pero poca durabilidad', 'Alta'),
('Amarillo', 'Medio', 'Buen equilibrio entre agarre y durabilidad', 'Moderada'),
('Blanco', 'Duro', 'Menor agarre pero mayor durabilidad', 'Baja'),
('Azul', 'Lluvia extrema', 'Máxima evacuación de agua para condiciones de lluvia intensa', 'Muy baja'),
('Verde', 'Lluvia intermedia', 'Para condiciones de pista húmeda pero no totalmente mojada', 'Moderada');


INSERT INTO CambioNeumaticos (idEvento, idActividad, idEquipo, idPiloto, idNeumatico, vueltaCambio) VALUES 
(1, 5, 1, 1, 1, 15),
(1, 5, 2, 2, 2, 20),
(1, 5, 3, 3, 3, 25),
(1, 5, 4, 4, 4, 30),
(1, 5, 5, 5, 5, 35),
(1, 5, 6, 6, 1, 40),
(1, 5, 7, 7, 2, 45),
(1, 5, 8, 8, 3, 50),
(1, 5, 9, 9, 4, 55),
(1, 5, 10, 10, 5, 60),
(2, 10, 1, 1, 1, 15),
(2, 10, 2, 2, 2, 20),
(2, 10, 3, 3, 3, 25),
(2, 10, 4, 4, 4, 30),
(2, 10, 5, 5, 5, 35),
(2, 10, 6, 6, 1, 40),
(2, 10, 7, 7, 2, 45),
(2, 10, 8, 8, 3, 50),
(2, 10, 9, 9, 4, 55),
(2, 10, 10, 10, 5, 60),
(3, 15, 1, 1, 1, 15),
(3, 15, 2, 2, 2, 20),
(3, 15, 3, 3, 3, 25),
(3, 15, 4, 4, 4, 30),
(3, 15, 5, 5, 5, 35),
(3, 15, 6, 6, 1, 40),
(3, 15, 7, 7, 2, 45),
(3, 15, 8, 8, 3, 50),
(3, 15, 9, 9, 4, 55),
(3, 15, 10, 10, 5, 60),
(4, 20, 1, 1, 1, 15),
(4, 20, 2, 2, 2, 20),
(4, 20, 3, 3, 3, 25),
(4, 20, 4, 4, 4, 30),
(4, 20, 5, 5, 5, 35),
(4, 20, 6, 6, 1, 40),
(4, 20, 7, 7, 2, 45),
(4, 20, 8, 8, 3, 50),
(4, 20, 9, 9, 4, 55),
(4, 20, 10, 10, 5, 60);

INSERT INTO Patrocinadores (nombre, tipoPatrocinio) VALUES
    ('Coca-Cola', 'Bebidas'),
    ('Nike', 'Ropa Deportiva'),
    ('Mercedes-Benz', 'Automotriz'),
    ('Red Bull', 'Bebidas Energéticas'),
    ('Samsung', 'Tecnología');


INSERT INTO Patrocinios (idPatrocinador, idEvento, idEquipo, montoPatrocinio, fechaInicio, fechaFinal) VALUES
    (1, 1, NULL, 50000.00, '2024-06-01', '2024-12-31'),
    (2, 1, 1, 75000.00, '2024-06-01', '2024-12-31'),
    (3, 1, 2, 100000.00, '2024-06-01', '2024-12-31'),
    (4, 2, 3, 90000.00, '2024-06-01', '2024-12-31'),
    (5, 3, NULL, 60000.00, '2024-06-01', '2024-12-31');

INSERT INTO RegistrosVelocidad (idActividad, velocidadMaxima, idPiloto) VALUES
(1, '220 km/h', 1),
(2, '210 km/h', 2),
(3, '230 km/h', 3),
(1, '225 km/h', 2),
(2, '215 km/h', 3),
(3, '235 km/h', 1);

INSERT INTO GranPremio (idGranPremio) VALUES
(1),
(2),
(3),
(4),
(5),
(6),
(7),
(8),
(9),
(10);

-- Datos de ejemplo para la tabla Monoplazas
INSERT INTO Monoplazas (numeroChasis, modelo, temporada, idEquipo) VALUES
('RB16B-01', 'RB16B', '2021', 1),
('RB16B-02', 'RB16B', '2021', 1),
('W12-01', 'W12', '2021', 2),
('W12-02', 'W12', '2021', 2),
('SF21-01', 'SF21', '2021', 3),
('SF21-02', 'SF21', '2021', 3),
('MCL35M-01', 'MCL35M', '2021', 4),
('MCL35M-02', 'MCL35M', '2021', 4),
('A521-01', 'A521', '2021', 5),
('A521-02', 'A521', '2021', 5);
